epoch,accuracy,loss
0,0.8936930162609268,732.8509604409337
1,0.9229877494752013,529.0987814702094
